{
  "mean": [
    0.11121733868076678,
    0.046963687325147996,
    0.1675066248901806,
    0.229202142375037,
    0.08916869747956863,
    0.42716124300545616,
    0.2661801595341997,
    0.6533193333827647
  ],
  "std": [
    0.06930387898923819,
    0.029415994635703747,
    0.13118800381636783,
    0.15949193052617586,
    0.08561582549839102,
    0.22685107246972386,
    0.2623622946746635,
    0.33589799148570637
  ],
  "features": [
    "rssi_mean",
    "rssi_variance",
    "burst_count",
    "active_channel_count",
    "channel_hopping_rate",
    "peak_channel_index",
    "wifi_channel_ratio",
    "signal_duration"
  ]
}