{
  "threshold": 0.1,
  "metrics": {
    "accuracy": 0.9546666666666667,
    "precision": 0.8982035928143712,
    "recall": 1.0,
    "f1": 0.9463722397476341,
    "fpr": 0.07555555555555556,
    "roc_auc": 0.9998962962962963
  }
}